RESIDUE_ID,VDW,ELE,GB,SA,TOTAL,Mutation,score_method
lig-rec,-134.81,61.52,21.85,-16.35,-67.8,Raw,MM/GBSA
R-A-THR-6,-0.01,-48.24,47.77,0.0,-0.48,Raw,MM/GBSA
R-A-HIE-7,-0.01,-0.34,0.38,0.0,0.04,Raw,MM/GBSA
R-A-SER-8,-0.02,-0.92,1.0,0.0,0.07,Raw,MM/GBSA
R-A-LEU-9,-0.04,-0.58,0.65,0.0,0.03,Raw,MM/GBSA
R-A-GLY-10,-0.03,-0.47,0.57,0.0,0.07,Raw,MM/GBSA
R-A-SER-11,-0.03,0.06,-0.03,0.0,0.01,Raw,MM/GBSA
R-A-ARG-12,-0.02,-46.34,45.88,0.0,-0.49,Raw,MM/GBSA
R-A-ARG-13,-0.06,-53.06,52.75,0.0,-0.38,Raw,MM/GBSA
R-A-THR-14,-0.04,-0.24,0.34,0.0,0.06,Raw,MM/GBSA
R-A-LEU-15,-0.01,-0.08,0.08,0.0,-0.01,Raw,MM/GBSA
R-A-MET-16,-0.02,-0.27,0.31,0.0,0.02,Raw,MM/GBSA
R-A-LEU-17,-0.06,-0.61,0.72,0.0,0.05,Raw,MM/GBSA
R-A-LEU-18,-0.02,-0.12,0.15,0.0,0.01,Raw,MM/GBSA
R-A-ALA-19,-0.01,-0.29,0.3,0.0,-0.0,Raw,MM/GBSA
R-A-GLN-20,-0.02,0.05,0.08,0.0,0.11,Raw,MM/GBSA
R-A-MET-21,-0.05,0.02,0.0,0.0,-0.02,Raw,MM/GBSA
R-A-ARG-22,-0.01,-38.82,38.37,0.0,-0.47,Raw,MM/GBSA
R-A-ARG-23,-0.02,-41.65,41.22,0.0,-0.45,Raw,MM/GBSA
R-A-ILE-24,-0.0,0.37,-0.37,0.0,-0.0,Raw,MM/GBSA
R-A-SER-25,-0.0,0.0,0.0,0.0,-0.0,Raw,MM/GBSA
R-A-LEU-26,-0.0,-0.23,0.23,0.0,-0.0,Raw,MM/GBSA
R-A-PHE-27,-0.0,-0.18,0.18,0.0,-0.0,Raw,MM/GBSA
R-A-SER-28,-0.0,-0.3,0.3,0.0,-0.01,Raw,MM/GBSA
R-A-CYS-29,-0.0,0.03,-0.03,0.0,-0.0,Raw,MM/GBSA
R-A-LEU-30,-0.0,0.2,-0.2,0.0,0.0,Raw,MM/GBSA
R-A-LYS-31,-0.0,-32.29,31.88,0.0,-0.41,Raw,MM/GBSA
R-A-ASP-32,-0.0,36.34,-35.88,0.0,0.46,Raw,MM/GBSA
R-A-ARG-33,-0.0,-35.54,35.1,0.0,-0.44,Raw,MM/GBSA
R-A-HIE-34,-0.0,-0.2,0.2,0.0,-0.0,Raw,MM/GBSA
R-A-ASP-35,-0.0,35.62,-35.17,0.0,0.45,Raw,MM/GBSA
R-A-PHE-36,-0.01,0.2,-0.19,0.0,-0.0,Raw,MM/GBSA
R-A-GLY-37,-0.0,-0.06,0.07,0.0,0.0,Raw,MM/GBSA
R-A-PHE-38,-0.01,-0.44,0.45,0.0,0.0,Raw,MM/GBSA
R-A-PRO-39,-0.01,0.15,-0.14,0.0,0.0,Raw,MM/GBSA
R-A-GLN-40,-0.0,-0.13,0.13,0.0,-0.0,Raw,MM/GBSA
R-A-GLU-41,-0.0,35.7,-35.25,0.0,0.45,Raw,MM/GBSA
R-A-GLU-42,-0.01,38.68,-38.14,0.0,0.53,Raw,MM/GBSA
R-A-PHE-43,-0.01,-0.11,0.13,0.0,0.0,Raw,MM/GBSA
R-A-GLY-44,-0.0,0.25,-0.25,0.0,0.0,Raw,MM/GBSA
R-A-ASN-45,-0.0,-0.4,0.39,0.0,-0.01,Raw,MM/GBSA
R-A-GLN-46,-0.0,0.01,0.0,0.0,0.0,Raw,MM/GBSA
R-A-PHE-47,-0.01,-0.36,0.36,0.0,-0.0,Raw,MM/GBSA
R-A-GLN-48,-0.01,0.41,-0.38,0.0,0.01,Raw,MM/GBSA
R-A-LYS-49,-0.01,-46.63,46.12,0.0,-0.52,Raw,MM/GBSA
R-A-ALA-50,-0.02,-0.15,0.21,0.0,0.05,Raw,MM/GBSA
R-A-GLU-51,-0.01,40.25,-39.69,0.0,0.54,Raw,MM/GBSA
R-A-THR-52,-0.02,-0.5,0.59,0.0,0.07,Raw,MM/GBSA
R-A-ILE-53,-0.08,-0.27,0.37,0.0,0.02,Raw,MM/GBSA
R-A-PRO-54,-0.19,-0.08,0.18,-0.04,-0.14,Raw,MM/GBSA
R-A-VAL-55,-0.05,0.11,-0.06,0.0,0.0,Raw,MM/GBSA
R-A-LEU-56,-0.06,-0.17,0.27,0.0,0.04,Raw,MM/GBSA
R-A-HIE-57,-1.9,-1.46,2.36,-0.16,-1.16,Raw,MM/GBSA
R-A-GLU-58,-0.25,35.83,-35.28,-0.2,0.1,Raw,MM/GBSA
R-A-MET-59,-0.06,0.28,-0.18,0.0,0.03,Raw,MM/GBSA
R-A-ILE-60,-0.18,0.21,-0.01,0.0,0.03,Raw,MM/GBSA
R-A-GLN-61,-2.85,0.9,1.79,-0.44,-0.6,Raw,MM/GBSA
R-A-GLN-62,-0.48,-0.02,0.24,-0.05,-0.3,Raw,MM/GBSA
R-A-ILE-63,-0.16,0.47,-0.43,0.0,-0.12,Raw,MM/GBSA
R-A-PHE-64,-3.43,2.12,-0.98,-0.33,-2.63,Raw,MM/GBSA
R-A-ASN-65,-3.29,-8.91,6.36,-0.53,-6.37,Raw,MM/GBSA
R-A-LEU-66,-0.2,0.52,-0.46,0.0,-0.15,Raw,MM/GBSA
R-A-PHE-67,-0.18,-0.96,0.96,0.0,-0.19,Raw,MM/GBSA
R-A-SER-68,-1.59,-4.25,3.44,-0.11,-2.51,Raw,MM/GBSA
R-A-THR-69,-1.24,-0.17,1.2,-0.1,-0.32,Raw,MM/GBSA
R-A-LYS-70,-1.5,-49.99,52.24,-0.33,0.42,Raw,MM/GBSA
R-A-ASP-71,-0.18,45.74,-44.95,0.0,0.61,Raw,MM/GBSA
R-A-SER-72,-0.1,-1.38,1.63,0.0,0.16,Raw,MM/GBSA
R-A-SER-73,-0.38,-1.34,1.95,-0.05,0.17,Raw,MM/GBSA
R-A-ALA-74,-0.07,-0.23,0.32,0.0,0.03,Raw,MM/GBSA
R-A-ALA-75,-0.03,-0.26,0.34,0.0,0.06,Raw,MM/GBSA
R-A-TRP-76,-0.08,0.36,-0.3,0.0,-0.03,Raw,MM/GBSA
R-A-ASP-77,-0.11,43.64,-42.78,0.0,0.75,Raw,MM/GBSA
R-A-GLU-78,-0.35,21.56,-21.78,-0.28,-0.85,Raw,MM/GBSA
R-A-THR-79,-1.36,-0.76,1.86,-0.27,-0.53,Raw,MM/GBSA
R-A-LEU-80,-0.21,0.61,-0.59,0.0,-0.2,Raw,MM/GBSA
R-A-LEU-81,-0.48,1.18,-1.01,0.0,-0.31,Raw,MM/GBSA
R-A-ASP-82,-4.94,47.25,-40.32,-0.55,1.43,Raw,MM/GBSA
R-A-LYS-83,-1.38,-55.62,57.01,-0.18,-0.17,Raw,MM/GBSA
R-A-PHE-84,-0.24,0.43,-0.41,0.0,-0.21,Raw,MM/GBSA
R-A-TYR-85,-3.84,-1.03,2.69,-0.42,-2.6,Raw,MM/GBSA
R-A-THR-86,-3.08,-0.46,1.09,-0.36,-2.82,Raw,MM/GBSA
R-A-GLU-87,-0.24,55.13,-54.34,0.0,0.55,Raw,MM/GBSA
R-A-LEU-88,-0.24,-0.4,0.86,0.0,0.21,Raw,MM/GBSA
R-A-TYR-89,-6.21,-5.77,6.28,-0.83,-6.53,Raw,MM/GBSA
R-A-GLN-90,-3.84,-2.42,5.69,-0.54,-1.12,Raw,MM/GBSA
R-A-GLN-91,-0.3,1.04,-0.41,0.0,0.32,Raw,MM/GBSA
R-A-LEU-92,-1.69,1.83,0.55,-0.08,0.61,Raw,MM/GBSA
R-A-ASN-93,-4.09,-5.34,4.26,-0.72,-5.89,Raw,MM/GBSA
R-A-ASP-94,-0.43,63.51,-62.21,-0.03,0.83,Raw,MM/GBSA
R-A-LEU-95,-0.19,-0.25,0.58,0.0,0.14,Raw,MM/GBSA
R-A-GLU-96,-3.38,61.49,-54.07,-0.42,3.62,Raw,MM/GBSA
R-A-ALA-97,-1.54,-3.08,2.31,-0.25,-2.56,Raw,MM/GBSA
R-A-CYS-98,-0.31,0.67,-0.08,-0.0,0.27,Raw,MM/GBSA
R-A-VAL-99,-0.83,-4.72,5.45,-0.11,-0.21,Raw,MM/GBSA
R-A-ILE-100,-5.55,-6.02,6.87,-0.94,-5.64,Raw,MM/GBSA
R-A-GLN-101,-1.12,-10.69,9.34,-0.26,-2.74,Raw,MM/GBSA
R-A-GLY-102,-0.29,46.65,-45.13,-0.06,1.17,Raw,MM/GBSA
R-A-ASN-112,-0.04,-43.97,44.17,0.0,0.16,Raw,MM/GBSA
R-A-GLU-113,-0.28,48.5,-46.99,-0.02,1.21,Raw,MM/GBSA
R-A-ASP-114,-0.02,40.72,-40.11,0.0,0.59,Raw,MM/GBSA
R-A-SER-115,-0.01,-0.17,0.23,0.0,0.04,Raw,MM/GBSA
R-A-ILE-116,-0.11,0.0,0.09,0.0,-0.02,Raw,MM/GBSA
R-A-LEU-117,-0.08,0.19,-0.17,0.0,-0.05,Raw,MM/GBSA
R-A-ALA-118,-0.01,0.19,-0.16,0.0,0.02,Raw,MM/GBSA
R-A-VAL-119,-0.04,-0.16,0.26,0.0,0.06,Raw,MM/GBSA
R-A-ARG-120,-0.52,-46.8,47.35,-0.12,-0.09,Raw,MM/GBSA
R-A-LYS-121,-0.05,-41.16,40.83,0.0,-0.38,Raw,MM/GBSA
R-A-TYR-122,-0.02,-0.0,0.04,0.0,0.01,Raw,MM/GBSA
R-A-PHE-123,-0.08,-0.38,0.44,0.0,-0.02,Raw,MM/GBSA
R-A-GLN-124,-0.11,0.78,-0.47,0.0,0.2,Raw,MM/GBSA
R-A-ARG-125,-0.03,-38.39,37.99,0.0,-0.43,Raw,MM/GBSA
R-A-ILE-126,-0.03,-0.45,0.49,0.0,0.02,Raw,MM/GBSA
R-A-THR-127,-0.07,-0.75,0.92,0.0,0.1,Raw,MM/GBSA
R-A-LEU-128,-0.04,0.07,-0.06,0.0,-0.02,Raw,MM/GBSA
R-A-TYR-129,-0.02,-0.03,0.05,0.0,0.01,Raw,MM/GBSA
R-A-LEU-130,-0.03,-0.45,0.49,0.0,0.01,Raw,MM/GBSA
R-A-LYS-131,-0.08,-43.13,43.29,0.0,0.08,Raw,MM/GBSA
R-A-GLU-132,-0.02,37.95,-37.41,0.0,0.53,Raw,MM/GBSA
R-A-LYS-133,-0.01,-36.9,36.48,0.0,-0.43,Raw,MM/GBSA
R-A-LYS-134,-0.03,-40.05,39.73,0.0,-0.35,Raw,MM/GBSA
R-A-TYR-135,-0.05,0.08,0.03,0.0,0.06,Raw,MM/GBSA
R-A-SER-136,-0.01,0.44,-0.42,0.0,0.02,Raw,MM/GBSA
R-A-PRO-137,-0.01,0.3,-0.29,0.0,0.0,Raw,MM/GBSA
R-A-CYS-138,-0.0,0.22,-0.21,0.0,0.0,Raw,MM/GBSA
R-A-ALA-139,-0.01,-0.01,0.04,0.0,0.02,Raw,MM/GBSA
R-A-TRP-140,-0.03,0.09,-0.08,0.0,-0.02,Raw,MM/GBSA
R-A-GLU-141,-0.01,40.25,-39.76,0.0,0.48,Raw,MM/GBSA
R-A-VAL-142,-0.01,-0.07,0.08,0.0,0.0,Raw,MM/GBSA
R-A-VAL-143,-0.01,-0.24,0.28,0.0,0.03,Raw,MM/GBSA
R-A-ARG-144,-0.02,-40.76,40.33,0.0,-0.45,Raw,MM/GBSA
R-A-ALA-145,-0.0,0.25,-0.25,0.0,-0.01,Raw,MM/GBSA
R-A-GLU-146,-0.01,37.51,-37.03,0.0,0.47,Raw,MM/GBSA
R-A-ILE-147,-0.02,-0.11,0.13,0.0,-0.0,Raw,MM/GBSA
R-A-MET-148,-0.01,0.11,-0.1,0.0,0.0,Raw,MM/GBSA
R-A-ARG-149,-0.0,-36.42,35.97,0.0,-0.45,Raw,MM/GBSA
R-A-SER-150,-0.01,-0.16,0.2,0.0,0.03,Raw,MM/GBSA
R-A-PHE-151,-0.03,0.02,-0.04,0.0,-0.04,Raw,MM/GBSA
R-A-SER-152,-0.0,0.6,-0.59,0.0,0.0,Raw,MM/GBSA
R-A-LEU-153,-0.0,0.2,-0.2,0.0,0.0,Raw,MM/GBSA
R-A-SER-154,-0.01,-0.38,0.42,0.0,0.04,Raw,MM/GBSA
R-A-THR-155,-0.01,0.52,-0.47,0.0,0.04,Raw,MM/GBSA
R-A-ASN-156,-0.0,0.6,-0.59,0.0,0.01,Raw,MM/GBSA
R-A-LEU-157,-0.0,0.04,-0.03,0.0,0.0,Raw,MM/GBSA
R-A-GLN-158,-0.01,-0.09,0.16,0.0,0.06,Raw,MM/GBSA
R-A-GLU-159,-0.01,87.93,-86.78,0.0,1.13,Raw,MM/GBSA
L-B-MET-1,-0.0,-4.21,4.16,0.0,-0.05,Raw,MM/GBSA
L-B-ILE-2,-0.0,0.18,-0.17,0.0,-0.0,Raw,MM/GBSA
L-B-ALA-3,-0.0,0.16,-0.16,0.0,0.0,Raw,MM/GBSA
L-B-TYR-4,-0.0,0.23,-0.23,0.0,0.0,Raw,MM/GBSA
L-B-ILE-5,-0.0,0.13,-0.13,0.0,0.0,Raw,MM/GBSA
L-B-GLU-6,-0.0,7.45,-7.35,0.0,0.1,Raw,MM/GBSA
L-B-HIE-7,-0.0,-0.09,0.09,0.0,-0.0,Raw,MM/GBSA
L-B-SER-8,0.0,0.05,-0.05,0.0,0.0,Raw,MM/GBSA
L-B-PHE-9,-0.0,0.03,-0.03,0.0,-0.0,Raw,MM/GBSA
L-B-VAL-10,-0.0,-0.11,0.11,0.0,-0.0,Raw,MM/GBSA
L-B-HIE-11,0.0,0.03,-0.03,0.0,0.0,Raw,MM/GBSA
L-B-ASP-12,-0.0,9.15,-9.04,0.0,0.11,Raw,MM/GBSA
L-B-SER-13,-0.0,0.2,-0.2,0.0,0.0,Raw,MM/GBSA
L-B-ASP-14,0.0,9.78,-9.66,0.0,0.12,Raw,MM/GBSA
L-B-VAL-15,0.0,0.14,-0.14,0.0,0.0,Raw,MM/GBSA
L-B-ALA-16,0.0,-0.09,0.09,0.0,-0.0,Raw,MM/GBSA
L-B-GLU-17,0.0,8.86,-8.75,0.0,0.11,Raw,MM/GBSA
L-B-ASN-18,0.0,0.12,-0.12,0.0,0.0,Raw,MM/GBSA
L-B-GLY-19,0.0,-0.05,0.05,0.0,-0.0,Raw,MM/GBSA
L-B-VAL-20,0.0,-0.0,0.0,0.0,0.0,Raw,MM/GBSA
L-B-VAL-21,0.0,-0.03,0.03,0.0,-0.0,Raw,MM/GBSA
L-B-HIE-22,0.0,-0.09,0.09,0.0,-0.0,Raw,MM/GBSA
L-B-GLY-23,0.0,0.05,-0.05,0.0,0.0,Raw,MM/GBSA
L-B-GLY-24,0.0,-0.03,0.03,0.0,0.0,Raw,MM/GBSA
L-B-GLU-25,0.0,5.59,-5.52,0.0,0.07,Raw,MM/GBSA
L-B-THR-26,0.0,0.02,-0.02,0.0,0.0,Raw,MM/GBSA
L-B-LEU-27,0.0,0.0,-0.0,0.0,-0.0,Raw,MM/GBSA
L-B-ASP-28,0.0,4.63,-4.58,0.0,0.06,Raw,MM/GBSA
L-B-LEU-29,0.0,-0.0,0.0,0.0,0.0,Raw,MM/GBSA
L-B-ALA-30,0.0,0.01,-0.01,0.0,0.0,Raw,MM/GBSA
L-B-GLY-31,0.0,-0.03,0.04,0.0,0.0,Raw,MM/GBSA
L-B-ILE-32,0.0,-0.05,0.05,0.0,-0.0,Raw,MM/GBSA
L-B-ARG-33,0.0,-4.43,4.38,0.0,-0.05,Raw,MM/GBSA
L-B-GLY-34,0.0,-0.1,0.1,0.0,-0.0,Raw,MM/GBSA
L-B-THR-35,-0.0,0.02,-0.02,0.0,0.0,Raw,MM/GBSA
L-B-VAL-36,0.0,-0.05,0.05,0.0,-0.0,Raw,MM/GBSA
L-B-ASP-37,0.0,5.88,-5.81,0.0,0.07,Raw,MM/GBSA
L-B-TYR-38,0.0,0.04,-0.04,0.0,0.0,Raw,MM/GBSA
L-B-SER-39,0.0,0.11,-0.1,0.0,0.0,Raw,MM/GBSA
L-B-SER-40,0.0,0.08,-0.07,0.0,0.0,Raw,MM/GBSA
L-B-SER-41,0.0,0.19,-0.19,0.0,0.0,Raw,MM/GBSA
L-B-ALA-42,0.0,0.1,-0.1,0.0,0.0,Raw,MM/GBSA
L-B-THR-43,0.0,0.1,-0.1,0.0,0.0,Raw,MM/GBSA
L-B-ASN-44,0.0,0.29,-0.28,0.0,0.0,Raw,MM/GBSA
L-B-SER-45,0.0,0.14,-0.14,0.0,0.0,Raw,MM/GBSA
L-B-VAL-46,0.0,0.08,-0.08,0.0,0.0,Raw,MM/GBSA
L-B-ALA-47,0.0,0.08,-0.08,0.0,0.0,Raw,MM/GBSA
L-B-LYS-48,-0.0,-9.16,9.05,0.0,-0.11,Raw,MM/GBSA
L-B-ASP-49,-0.0,10.5,-10.36,0.0,0.13,Raw,MM/GBSA
L-B-PHE-50,-0.0,-0.06,0.06,0.0,-0.0,Raw,MM/GBSA
L-B-GLY-51,0.0,0.07,-0.07,0.0,0.0,Raw,MM/GBSA
L-B-GLY-52,0.0,0.01,-0.01,0.0,-0.0,Raw,MM/GBSA
L-B-LEU-53,-0.0,-0.09,0.09,0.0,-0.0,Raw,MM/GBSA
L-B-THR-54,-0.0,0.04,-0.04,0.0,-0.0,Raw,MM/GBSA
L-B-ARG-55,-0.0,-7.94,7.84,0.0,-0.1,Raw,MM/GBSA
L-B-VAL-56,0.0,0.01,-0.01,0.0,0.0,Raw,MM/GBSA
L-B-PRO-57,-0.0,0.04,-0.04,0.0,-0.0,Raw,MM/GBSA
L-B-PRO-58,0.0,0.04,-0.04,0.0,0.0,Raw,MM/GBSA
L-B-ARG-59,0.0,-5.77,5.7,0.0,-0.07,Raw,MM/GBSA
L-B-VAL-60,0.0,0.07,-0.07,0.0,0.0,Raw,MM/GBSA
L-B-LEU-61,-0.0,-0.08,0.08,0.0,-0.0,Raw,MM/GBSA
L-B-VAL-62,0.0,0.1,-0.1,0.0,0.0,Raw,MM/GBSA
L-B-ARG-63,-0.0,-6.59,6.51,0.0,-0.08,Raw,MM/GBSA
L-B-PRO-64,0.0,0.08,-0.08,0.0,0.0,Raw,MM/GBSA
L-B-ALA-65,0.0,0.06,-0.06,0.0,0.0,Raw,MM/GBSA
L-B-ASP-66,0.0,4.55,-4.5,0.0,0.06,Raw,MM/GBSA
L-B-SER-67,0.0,0.12,-0.11,0.0,0.0,Raw,MM/GBSA
L-B-GLY-68,-0.0,0.01,-0.01,0.0,-0.0,Raw,MM/GBSA
L-B-ASP-69,-0.0,4.8,-4.74,0.0,0.06,Raw,MM/GBSA
L-B-VAL-70,0.0,0.06,-0.06,0.0,0.0,Raw,MM/GBSA
L-B-ALA-71,-0.0,0.08,-0.08,0.0,0.0,Raw,MM/GBSA
L-B-VAL-72,0.0,-0.01,0.01,0.0,-0.0,Raw,MM/GBSA
L-B-ALA-73,0.0,-0.01,0.01,0.0,-0.0,Raw,MM/GBSA
L-B-VAL-74,-0.0,0.08,-0.08,0.0,-0.0,Raw,MM/GBSA
L-B-ARG-75,0.0,-4.13,4.08,0.0,-0.05,Raw,MM/GBSA
L-B-ALA-76,0.0,-0.03,0.03,0.0,-0.0,Raw,MM/GBSA
L-B-ALA-77,0.0,-0.0,0.01,0.0,0.0,Raw,MM/GBSA
L-B-ALA-78,0.0,0.04,-0.04,0.0,-0.0,Raw,MM/GBSA
L-B-ALA-79,0.0,-0.03,0.02,0.0,-0.0,Raw,MM/GBSA
L-B-THR-80,0.0,0.03,-0.03,0.0,0.0,Raw,MM/GBSA
L-B-ALA-81,-0.0,0.02,-0.02,0.0,-0.0,Raw,MM/GBSA
L-B-ASN-82,0.0,0.19,-0.19,0.0,0.0,Raw,MM/GBSA
L-B-VAL-83,-0.0,-0.02,0.02,0.0,-0.0,Raw,MM/GBSA
L-B-THR-84,0.0,-0.09,0.09,0.0,-0.0,Raw,MM/GBSA
L-B-VAL-85,-0.0,0.05,-0.05,0.0,-0.0,Raw,MM/GBSA
L-B-ALA-86,0.0,-0.06,0.06,0.0,-0.0,Raw,MM/GBSA
L-B-ALA-87,-0.0,0.16,-0.16,0.0,0.0,Raw,MM/GBSA
L-B-ARG-88,0.0,-8.59,8.48,0.0,-0.11,Raw,MM/GBSA
L-B-GLY-89,0.0,-0.22,0.21,0.0,-0.0,Raw,MM/GBSA
L-B-ASN-90,-0.0,-0.19,0.19,0.0,-0.0,Raw,MM/GBSA
L-B-GLY-91,-0.0,0.1,-0.1,0.0,-0.0,Raw,MM/GBSA
L-B-HIE-92,-0.0,0.17,-0.17,0.0,0.0,Raw,MM/GBSA
L-B-SER-93,0.0,0.04,-0.04,0.0,0.0,Raw,MM/GBSA
L-B-ILE-94,-0.0,-0.11,0.11,0.0,-0.0,Raw,MM/GBSA
L-B-ASN-95,-0.0,0.15,-0.15,0.0,0.0,Raw,MM/GBSA
L-B-GLY-96,0.0,-0.11,0.11,0.0,-0.0,Raw,MM/GBSA
L-B-GLN-97,-0.0,-0.06,0.06,0.0,-0.0,Raw,MM/GBSA
L-B-ALA-98,0.0,-0.06,0.06,0.0,-0.0,Raw,MM/GBSA
L-B-ALA-99,0.0,0.1,-0.09,0.0,0.0,Raw,MM/GBSA
L-B-ALA-100,0.0,-0.04,0.04,0.0,-0.0,Raw,MM/GBSA
L-B-ASN-101,0.0,-0.18,0.17,0.0,-0.0,Raw,MM/GBSA
L-B-ASN-102,-0.0,-0.11,0.1,0.0,-0.0,Raw,MM/GBSA
L-B-GLY-103,0.0,-0.03,0.03,0.0,-0.0,Raw,MM/GBSA
L-B-LEU-104,0.0,0.1,-0.1,0.0,0.0,Raw,MM/GBSA
L-B-VAL-105,-0.0,-0.1,0.1,0.0,-0.0,Raw,MM/GBSA
L-B-LEU-106,0.0,0.1,-0.1,0.0,0.0,Raw,MM/GBSA
L-B-ASP-107,0.0,6.96,-6.87,0.0,0.09,Raw,MM/GBSA
L-B-MET-108,0.0,-0.16,0.16,0.0,-0.0,Raw,MM/GBSA
L-B-GLN-109,0.0,-0.2,0.2,0.0,-0.0,Raw,MM/GBSA
L-B-GLY-110,0.0,-0.05,0.05,0.0,0.0,Raw,MM/GBSA
L-B-ILE-111,-0.0,-0.05,0.05,0.0,-0.0,Raw,MM/GBSA
L-B-SER-112,0.0,-0.05,0.05,0.0,0.0,Raw,MM/GBSA
L-B-GLY-113,0.0,0.05,-0.05,0.0,0.0,Raw,MM/GBSA
L-B-HIE-114,-0.0,0.06,-0.07,0.0,-0.0,Raw,MM/GBSA
L-B-PRO-115,-0.0,0.18,-0.17,0.0,0.0,Raw,MM/GBSA
L-B-PHE-116,-0.0,-0.07,0.07,0.0,-0.0,Raw,MM/GBSA
L-B-ASN-117,-0.0,0.04,-0.04,0.0,0.0,Raw,MM/GBSA
L-B-VAL-118,-0.0,-0.15,0.14,0.0,-0.0,Raw,MM/GBSA
L-B-VAL-119,-0.0,0.18,-0.17,0.0,0.0,Raw,MM/GBSA
L-B-VAL-120,-0.0,-0.03,0.03,0.0,-0.0,Raw,MM/GBSA
L-B-SER-121,-0.0,0.32,-0.31,0.0,0.01,Raw,MM/GBSA
L-B-SER-122,-0.0,0.16,-0.15,0.0,0.01,Raw,MM/GBSA
L-B-GLY-123,-0.0,-0.07,0.09,0.0,0.02,Raw,MM/GBSA
L-B-ALA-124,-0.0,-0.01,0.03,0.0,0.01,Raw,MM/GBSA
L-B-GLY-125,-0.0,-0.48,0.48,0.0,-0.0,Raw,MM/GBSA
L-B-PRO-126,-0.0,0.03,-0.03,0.0,0.0,Raw,MM/GBSA
L-B-TYR-127,-0.0,0.1,-0.1,0.0,0.0,Raw,MM/GBSA
L-B-ALA-128,-0.0,0.04,-0.04,0.0,-0.0,Raw,MM/GBSA
L-B-ASP-129,-0.0,4.39,-4.33,0.0,0.05,Raw,MM/GBSA
L-B-VAL-130,-0.0,-0.12,0.12,0.0,-0.0,Raw,MM/GBSA
L-B-SER-131,0.0,0.16,-0.16,0.0,0.0,Raw,MM/GBSA
L-B-GLY-132,-0.0,0.19,-0.19,0.0,0.0,Raw,MM/GBSA
L-B-GLY-133,-0.0,0.1,-0.1,0.0,-0.0,Raw,MM/GBSA
L-B-ALA-134,-0.0,0.07,-0.07,0.0,-0.0,Raw,MM/GBSA
L-B-LEU-135,-0.0,-0.17,0.17,0.0,-0.0,Raw,MM/GBSA
L-B-TRP-136,-0.0,-0.16,0.16,0.0,-0.01,Raw,MM/GBSA
L-B-GLU-137,0.0,9.03,-8.92,0.0,0.11,Raw,MM/GBSA
L-B-ASP-138,0.0,7.71,-7.61,0.0,0.1,Raw,MM/GBSA
L-B-VAL-139,-0.0,-0.18,0.18,0.0,-0.0,Raw,MM/GBSA
L-B-LEU-140,-0.0,-0.18,0.18,0.0,-0.0,Raw,MM/GBSA
L-B-LYS-141,-0.0,-8.1,8.0,0.0,-0.1,Raw,MM/GBSA
L-B-ARG-142,0.0,-6.3,6.22,0.0,-0.08,Raw,MM/GBSA
L-B-CYS-143,-0.0,-0.26,0.26,0.0,-0.0,Raw,MM/GBSA
L-B-VAL-144,-0.0,-0.12,0.12,0.0,-0.0,Raw,MM/GBSA
L-B-SER-145,0.0,0.03,-0.03,0.0,0.0,Raw,MM/GBSA
L-B-GLY-146,-0.0,-0.12,0.12,0.0,-0.0,Raw,MM/GBSA
L-B-PHE-147,-0.0,-0.08,0.08,0.0,-0.0,Raw,MM/GBSA
L-B-GLY-148,0.0,0.1,-0.1,0.0,0.0,Raw,MM/GBSA
L-B-LEU-149,-0.0,-0.08,0.08,0.0,-0.0,Raw,MM/GBSA
L-B-ALA-150,-0.0,0.02,-0.02,0.0,0.01,Raw,MM/GBSA
L-B-PRO-151,-0.0,0.24,-0.22,0.0,0.01,Raw,MM/GBSA
L-B-ARG-152,-0.04,-11.03,11.14,0.0,0.07,Raw,MM/GBSA
L-B-SER-153,-0.01,-0.27,0.31,0.0,0.03,Raw,MM/GBSA
L-B-TRP-154,-0.01,-0.11,0.1,0.0,-0.01,Raw,MM/GBSA
L-B-THR-155,-0.0,-0.39,0.39,0.0,-0.0,Raw,MM/GBSA
L-B-ASP-156,-0.0,15.32,-15.11,0.0,0.2,Raw,MM/GBSA
L-B-TYR-157,-0.0,0.11,-0.11,0.0,-0.0,Raw,MM/GBSA
L-B-LEU-158,-0.0,-0.11,0.11,0.0,-0.0,Raw,MM/GBSA
L-B-ALA-159,0.0,-0.01,0.01,0.0,0.0,Raw,MM/GBSA
L-B-LEU-160,-0.0,-0.07,0.07,0.0,-0.0,Raw,MM/GBSA
L-B-THR-161,-0.0,0.35,-0.35,0.0,0.01,Raw,MM/GBSA
L-B-VAL-162,-0.0,0.2,-0.2,0.0,0.0,Raw,MM/GBSA
L-B-GLY-163,0.0,0.07,-0.07,0.0,-0.0,Raw,MM/GBSA
L-B-GLY-164,-0.0,0.05,-0.05,0.0,0.0,Raw,MM/GBSA
L-B-THR-165,-0.0,0.04,-0.03,0.0,0.01,Raw,MM/GBSA
L-B-LEU-166,-0.0,0.13,-0.13,0.0,-0.0,Raw,MM/GBSA
L-B-SER-167,-0.0,-0.18,0.18,0.0,-0.0,Raw,MM/GBSA
L-B-ASN-168,-0.0,0.09,-0.07,0.0,0.02,Raw,MM/GBSA
L-B-ALA-169,-0.01,-0.39,0.4,0.0,0.0,Raw,MM/GBSA
L-B-GLY-170,-0.0,-0.24,0.25,0.0,-0.0,Raw,MM/GBSA
L-B-VAL-171,-0.01,-0.51,0.53,0.0,0.01,Raw,MM/GBSA
L-B-SER-172,-0.01,0.41,-0.4,0.0,0.01,Raw,MM/GBSA
L-B-GLY-173,-0.01,0.6,-0.56,0.0,0.03,Raw,MM/GBSA
L-B-GLN-174,-0.02,1.08,-1.05,0.0,0.01,Raw,MM/GBSA
L-B-ALA-175,-0.03,-0.08,0.2,0.0,0.09,Raw,MM/GBSA
L-B-PHE-176,-0.19,0.93,-0.77,0.0,-0.03,Raw,MM/GBSA
L-B-ARG-177,-0.27,-31.84,32.38,-0.01,0.26,Raw,MM/GBSA
L-B-TYR-178,-0.09,-1.11,1.2,0.0,-0.0,Raw,MM/GBSA
L-B-GLY-179,-0.03,-0.05,0.16,0.0,0.07,Raw,MM/GBSA
L-B-PRO-180,-0.03,-0.53,0.43,0.0,-0.13,Raw,MM/GBSA
L-B-GLN-181,-0.01,-0.66,0.66,0.0,-0.01,Raw,MM/GBSA
L-B-LEU-182,-0.03,-1.01,1.09,0.0,0.05,Raw,MM/GBSA
L-B-SER-183,-0.08,-1.73,1.93,-0.01,0.11,Raw,MM/GBSA
L-B-ASN-184,-0.03,-0.01,0.06,0.0,0.01,Raw,MM/GBSA
L-B-VAL-185,-0.01,-0.36,0.4,0.0,0.03,Raw,MM/GBSA
L-B-MET-186,-0.01,-0.24,0.25,0.0,0.0,Raw,MM/GBSA
L-B-GLU-187,-0.0,2.74,-2.7,0.0,0.03,Raw,MM/GBSA
L-B-LEU-188,-0.0,-0.25,0.25,0.0,-0.01,Raw,MM/GBSA
L-B-GLU-189,-0.0,4.31,-4.26,0.0,0.05,Raw,MM/GBSA
L-B-VAL-190,-0.0,-0.11,0.11,0.0,-0.0,Raw,MM/GBSA
L-B-VAL-191,0.0,0.07,-0.07,0.0,0.0,Raw,MM/GBSA
L-B-THR-192,-0.0,0.11,-0.11,0.0,-0.0,Raw,MM/GBSA
L-B-GLY-193,-0.0,0.03,-0.03,0.0,-0.0,Raw,MM/GBSA
L-B-ARG-194,-0.0,-3.86,3.81,0.0,-0.05,Raw,MM/GBSA
L-B-GLY-195,0.0,-0.06,0.06,0.0,-0.0,Raw,MM/GBSA
L-B-GLU-196,-0.0,3.55,-3.5,0.0,0.04,Raw,MM/GBSA
L-B-THR-197,-0.0,-0.04,0.04,0.0,-0.0,Raw,MM/GBSA
L-B-VAL-198,-0.0,0.14,-0.14,0.0,0.0,Raw,MM/GBSA
L-B-ILE-199,-0.0,-0.07,0.07,0.0,0.0,Raw,MM/GBSA
L-B-CYS-200,-0.0,0.32,-0.31,0.0,0.01,Raw,MM/GBSA
L-B-SER-201,-0.0,0.03,-0.01,0.0,0.02,Raw,MM/GBSA
L-B-PRO-202,-0.03,-0.2,0.24,0.0,0.01,Raw,MM/GBSA
L-B-SER-203,-0.01,-0.15,0.18,0.0,0.02,Raw,MM/GBSA
L-B-ASP-204,-0.0,-0.66,0.68,0.0,0.02,Raw,MM/GBSA
L-B-ASN-205,-0.0,0.11,-0.1,0.0,0.01,Raw,MM/GBSA
L-B-SER-206,-0.01,0.55,-0.52,0.0,0.03,Raw,MM/GBSA
L-B-ASP-207,-0.01,0.25,-0.21,0.0,0.04,Raw,MM/GBSA
L-B-LEU-208,-0.0,0.24,-0.24,0.0,0.0,Raw,MM/GBSA
L-B-PHE-209,-0.01,0.65,-0.64,0.0,-0.0,Raw,MM/GBSA
L-B-PHE-210,-0.04,0.55,-0.53,0.0,-0.02,Raw,MM/GBSA
L-B-ALA-211,-0.0,0.35,-0.35,0.0,-0.0,Raw,MM/GBSA
L-B-VAL-212,-0.0,0.48,-0.47,0.0,0.01,Raw,MM/GBSA
L-B-LEU-213,-0.01,0.03,-0.02,0.0,-0.0,Raw,MM/GBSA
L-B-GLY-214,-0.0,0.06,-0.05,0.0,0.0,Raw,MM/GBSA
L-B-GLY-215,-0.0,0.02,-0.02,0.0,-0.0,Raw,MM/GBSA
L-B-LEU-216,-0.0,-0.14,0.13,0.0,-0.01,Raw,MM/GBSA
L-B-GLY-217,-0.0,0.01,-0.01,0.0,-0.0,Raw,MM/GBSA
L-B-GLN-218,-0.0,-0.29,0.29,0.0,-0.0,Raw,MM/GBSA
L-B-PHE-219,-0.0,-0.12,0.11,0.0,-0.01,Raw,MM/GBSA
L-B-GLY-220,0.0,0.13,-0.13,0.0,0.0,Raw,MM/GBSA
L-B-ILE-221,-0.0,-0.16,0.15,0.0,-0.0,Raw,MM/GBSA
L-B-ILE-222,-0.0,0.11,-0.11,0.0,-0.0,Raw,MM/GBSA
L-B-THR-223,-0.0,0.13,-0.12,0.0,0.0,Raw,MM/GBSA
L-B-ARG-224,-0.0,-3.96,3.91,0.0,-0.05,Raw,MM/GBSA
L-B-ALA-225,-0.0,0.07,-0.06,0.0,0.0,Raw,MM/GBSA
L-B-ARG-226,-0.0,-3.6,3.56,0.0,-0.04,Raw,MM/GBSA
L-B-ILE-227,-0.0,-0.13,0.13,0.0,0.0,Raw,MM/GBSA
L-B-PRO-228,-0.01,0.19,-0.18,0.0,0.0,Raw,MM/GBSA
L-B-LEU-229,-0.0,0.06,-0.05,0.0,0.01,Raw,MM/GBSA
L-B-GLN-230,-0.01,0.35,-0.31,0.0,0.03,Raw,MM/GBSA
L-B-ARG-231,-0.0,-8.65,8.55,0.0,-0.1,Raw,MM/GBSA
L-B-ALA-232,-0.0,-0.16,0.16,0.0,-0.0,Raw,MM/GBSA
L-B-PRO-233,-0.0,-0.23,0.23,0.0,-0.0,Raw,MM/GBSA
L-B-HIE-234,-0.0,0.23,-0.23,0.0,0.0,Raw,MM/GBSA
L-B-MET-235,-0.0,0.04,-0.04,0.0,0.0,Raw,MM/GBSA
L-B-VAL-236,-0.0,-0.36,0.37,0.0,0.0,Raw,MM/GBSA
L-B-ARG-237,-0.0,-10.9,10.77,0.0,-0.13,Raw,MM/GBSA
L-B-TRP-238,-0.0,-0.63,0.63,0.0,-0.0,Raw,MM/GBSA
L-B-ILE-239,-0.01,0.15,-0.14,0.0,0.0,Raw,MM/GBSA
L-B-ARG-240,-0.01,-16.21,16.04,0.0,-0.17,Raw,MM/GBSA
L-B-LEU-241,-0.01,0.35,-0.34,0.0,0.0,Raw,MM/GBSA
L-B-VAL-242,-0.01,-0.2,0.24,0.0,0.03,Raw,MM/GBSA
L-B-TYR-243,-0.05,-0.36,0.38,0.0,-0.03,Raw,MM/GBSA
L-B-SER-244,-0.02,-0.03,0.09,0.0,0.04,Raw,MM/GBSA
L-B-GLU-245,-0.18,29.91,-29.07,-0.02,0.64,Raw,MM/GBSA
L-B-PHE-246,-0.87,-1.25,1.44,-0.11,-0.79,Raw,MM/GBSA
L-B-ASP-247,-2.42,42.94,-37.98,-0.59,1.95,Raw,MM/GBSA
L-B-GLU-248,-0.27,30.36,-29.78,0.0,0.31,Raw,MM/GBSA
L-B-PHE-249,-0.15,-1.04,1.08,0.0,-0.11,Raw,MM/GBSA
L-B-THR-250,-0.61,-1.82,1.19,-0.07,-1.31,Raw,MM/GBSA
L-B-ARG-251,-3.6,-31.66,33.48,-0.47,-2.26,Raw,MM/GBSA
L-B-ASP-252,-0.29,21.45,-21.42,0.0,-0.26,Raw,MM/GBSA
L-B-ALA-253,-0.2,-0.84,1.0,0.0,-0.04,Raw,MM/GBSA
L-B-GLU-254,-2.5,37.08,-38.42,-0.22,-4.06,Raw,MM/GBSA
L-B-PHE-255,-3.21,1.32,-0.54,-0.43,-2.86,Raw,MM/GBSA
L-B-LEU-256,-0.29,0.81,-0.75,0.0,-0.23,Raw,MM/GBSA
L-B-VAL-257,-0.77,2.01,-1.8,-0.01,-0.57,Raw,MM/GBSA
L-B-SER-258,-4.1,-2.42,3.8,-0.47,-3.19,Raw,MM/GBSA
L-B-GLN-259,-3.68,-2.8,5.57,-0.33,-1.25,Raw,MM/GBSA
L-B-PRO-260,-2.77,-2.35,2.73,-0.47,-2.86,Raw,MM/GBSA
L-B-GLN-261,-0.2,0.94,-0.66,0.0,0.08,Raw,MM/GBSA
L-B-GLY-262,-0.03,-0.58,0.67,0.0,0.06,Raw,MM/GBSA
L-B-ASN-263,-0.29,-2.95,3.74,-0.05,0.45,Raw,MM/GBSA
L-B-SER-264,-0.09,-0.97,1.17,0.0,0.1,Raw,MM/GBSA
L-B-PHE-265,-0.04,1.39,-1.42,0.0,-0.07,Raw,MM/GBSA
L-B-ASP-266,-0.02,18.55,-18.24,0.0,0.29,Raw,MM/GBSA
L-B-TYR-267,-0.02,-0.27,0.31,0.0,0.03,Raw,MM/GBSA
L-B-VAL-268,-0.04,-0.05,0.12,0.0,0.03,Raw,MM/GBSA
L-B-GLU-269,-0.02,18.63,-18.37,0.0,0.24,Raw,MM/GBSA
L-B-GLY-270,-0.01,-0.08,0.09,0.0,0.0,Raw,MM/GBSA
L-B-PHE-271,-0.01,0.12,-0.12,0.0,-0.01,Raw,MM/GBSA
L-B-VAL-272,-0.01,-0.46,0.46,0.0,-0.01,Raw,MM/GBSA
L-B-PHE-273,-0.01,0.66,-0.66,0.0,-0.01,Raw,MM/GBSA
L-B-VAL-274,-0.0,-0.17,0.17,0.0,0.0,Raw,MM/GBSA
L-B-ASN-275,-0.0,-0.83,0.83,0.0,-0.0,Raw,MM/GBSA
L-B-SER-276,-0.0,0.3,-0.3,0.0,0.0,Raw,MM/GBSA
L-B-ASN-277,-0.0,0.2,-0.2,0.0,0.0,Raw,MM/GBSA
L-B-ASP-278,-0.0,14.99,-14.8,0.0,0.19,Raw,MM/GBSA
L-B-PRO-279,-0.0,0.05,-0.05,0.0,-0.0,Raw,MM/GBSA
L-B-VAL-280,0.0,0.01,-0.0,0.0,0.0,Raw,MM/GBSA
L-B-ASN-281,-0.0,0.66,-0.66,0.0,0.01,Raw,MM/GBSA
L-B-GLY-282,-0.0,0.01,-0.0,0.0,0.0,Raw,MM/GBSA
L-B-TRP-283,-0.0,-0.32,0.32,0.0,-0.01,Raw,MM/GBSA
L-B-PRO-284,-0.0,-0.09,0.09,0.0,-0.0,Raw,MM/GBSA
L-B-SER-285,-0.0,-0.26,0.26,0.0,-0.0,Raw,MM/GBSA
L-B-VAL-286,-0.0,-0.01,0.01,0.0,0.0,Raw,MM/GBSA
L-B-PRO-287,-0.0,0.21,-0.21,0.0,-0.0,Raw,MM/GBSA
L-B-LEU-288,-0.0,-0.09,0.09,0.0,-0.0,Raw,MM/GBSA
L-B-ASP-289,0.0,10.56,-10.43,0.0,0.13,Raw,MM/GBSA
L-B-PRO-290,-0.0,0.12,-0.12,0.0,-0.0,Raw,MM/GBSA
L-B-ASP-291,-0.0,9.44,-9.32,0.0,0.12,Raw,MM/GBSA
L-B-GLN-292,-0.0,0.19,-0.19,0.0,0.0,Raw,MM/GBSA
L-B-VAL-293,0.0,-0.06,0.06,0.0,-0.0,Raw,MM/GBSA
L-B-PHE-294,-0.0,-0.4,0.39,0.0,-0.01,Raw,MM/GBSA
L-B-ASP-295,-0.0,13.35,-13.18,0.0,0.17,Raw,MM/GBSA
L-B-PRO-296,-0.0,0.4,-0.39,0.0,0.0,Raw,MM/GBSA
L-B-ASP-297,-0.0,14.34,-14.16,0.0,0.18,Raw,MM/GBSA
L-B-SER-298,-0.0,0.03,-0.02,0.0,0.01,Raw,MM/GBSA
L-B-LEU-299,-0.0,-0.48,0.48,0.0,-0.0,Raw,MM/GBSA
L-B-PRO-300,-0.01,0.02,-0.02,0.0,-0.01,Raw,MM/GBSA
L-B-TRP-301,-0.01,0.31,-0.28,0.0,0.02,Raw,MM/GBSA
L-B-ASN-302,-0.03,-0.61,0.67,0.0,0.03,Raw,MM/GBSA
L-B-SER-303,-0.01,-0.13,0.16,0.0,0.02,Raw,MM/GBSA
L-B-GLY-304,-0.01,-1.08,1.09,0.0,0.0,Raw,MM/GBSA
L-B-SER-305,-0.01,-0.56,0.57,0.0,0.0,Raw,MM/GBSA
L-B-VAL-306,-0.02,0.21,-0.17,0.0,0.02,Raw,MM/GBSA
L-B-LEU-307,-0.01,0.31,-0.28,0.0,0.02,Raw,MM/GBSA
L-B-TYR-308,-0.06,-0.5,0.49,0.0,-0.08,Raw,MM/GBSA
L-B-CYS-309,-0.01,0.24,-0.19,0.0,0.04,Raw,MM/GBSA
L-B-LEU-310,-0.03,-0.41,0.43,0.0,-0.01,Raw,MM/GBSA
L-B-GLU-311,-0.01,17.5,-17.3,0.0,0.19,Raw,MM/GBSA
L-B-ALA-312,-0.01,-0.22,0.24,0.0,0.01,Raw,MM/GBSA
L-B-VAL-313,-0.01,0.51,-0.49,0.0,0.01,Raw,MM/GBSA
L-B-LEU-314,-0.01,-0.12,0.12,0.0,-0.01,Raw,MM/GBSA
L-B-HIE-315,-0.01,0.14,-0.12,0.0,0.02,Raw,MM/GBSA
L-B-PHE-316,-0.0,0.15,-0.15,0.0,-0.0,Raw,MM/GBSA
L-B-ASP-317,-0.0,8.94,-8.83,0.0,0.11,Raw,MM/GBSA
L-B-ILE-318,-0.0,0.04,-0.03,0.0,-0.0,Raw,MM/GBSA
L-B-HIE-319,-0.0,-0.15,0.14,0.0,-0.0,Raw,MM/GBSA
L-B-ASP-320,-0.0,9.75,-9.62,0.0,0.13,Raw,MM/GBSA
L-B-ASP-321,-0.0,7.85,-7.76,0.0,0.1,Raw,MM/GBSA
L-B-PRO-322,-0.0,0.23,-0.23,0.0,0.0,Raw,MM/GBSA
L-B-SER-323,-0.0,0.26,-0.26,0.0,0.0,Raw,MM/GBSA
L-B-THR-324,-0.0,0.04,-0.03,0.0,0.0,Raw,MM/GBSA
L-B-VAL-325,-0.0,0.29,-0.28,0.0,0.0,Raw,MM/GBSA
L-B-ASN-326,-0.0,0.64,-0.63,0.0,0.01,Raw,MM/GBSA
L-B-LEU-327,-0.01,0.18,-0.17,0.0,0.0,Raw,MM/GBSA
L-B-VAL-328,-0.01,0.05,-0.03,0.0,0.02,Raw,MM/GBSA
L-B-VAL-329,-0.01,0.38,-0.38,0.0,0.0,Raw,MM/GBSA
L-B-GLU-330,-0.01,11.39,-11.23,0.0,0.15,Raw,MM/GBSA
L-B-GLN-331,-0.02,0.33,-0.22,0.0,0.09,Raw,MM/GBSA
L-B-LEU-332,-0.04,-0.33,0.38,0.0,0.01,Raw,MM/GBSA
L-B-LEU-333,-0.02,0.34,-0.32,0.0,0.0,Raw,MM/GBSA
L-B-GLY-334,-0.01,0.03,0.04,0.0,0.06,Raw,MM/GBSA
L-B-ARG-335,-0.18,-10.01,10.53,0.0,0.34,Raw,MM/GBSA
L-B-LEU-336,-0.07,-1.01,1.08,0.0,-0.0,Raw,MM/GBSA
L-B-ARG-337,-0.12,-23.56,23.73,0.0,0.05,Raw,MM/GBSA
L-B-PHE-338,-0.02,-0.24,0.25,0.0,-0.01,Raw,MM/GBSA
L-B-VAL-339,-0.01,-0.19,0.19,0.0,-0.01,Raw,MM/GBSA
L-B-GLU-340,-0.0,13.54,-13.36,0.0,0.18,Raw,MM/GBSA
L-B-GLY-341,-0.0,-0.05,0.05,0.0,0.0,Raw,MM/GBSA
L-B-LEU-342,-0.0,0.15,-0.14,0.0,0.0,Raw,MM/GBSA
L-B-ARG-343,-0.01,-12.65,12.51,0.0,-0.15,Raw,MM/GBSA
L-B-PHE-344,-0.0,0.25,-0.25,0.0,-0.0,Raw,MM/GBSA
L-B-GLU-345,-0.0,12.33,-12.18,0.0,0.15,Raw,MM/GBSA
L-B-VAL-346,-0.0,0.25,-0.25,0.0,0.0,Raw,MM/GBSA
L-B-ASP-347,-0.0,10.6,-10.47,0.0,0.13,Raw,MM/GBSA
L-B-VAL-348,-0.0,0.11,-0.11,0.0,0.0,Raw,MM/GBSA
L-B-THR-349,-0.0,0.33,-0.32,0.0,0.01,Raw,MM/GBSA
L-B-TYR-350,-0.0,0.42,-0.41,0.0,0.0,Raw,MM/GBSA
L-B-MET-351,-0.0,0.17,-0.17,0.0,0.0,Raw,MM/GBSA
L-B-GLU-352,-0.0,9.82,-9.7,0.0,0.12,Raw,MM/GBSA
L-B-PHE-353,-0.0,0.03,-0.04,0.0,-0.01,Raw,MM/GBSA
L-B-LEU-354,-0.0,0.19,-0.18,0.0,0.0,Raw,MM/GBSA
L-B-LEU-355,-0.0,0.03,-0.03,0.0,-0.0,Raw,MM/GBSA
L-B-ARG-356,-0.0,-15.22,15.03,0.0,-0.19,Raw,MM/GBSA
L-B-VAL-357,-0.0,-0.0,0.0,0.0,-0.0,Raw,MM/GBSA
L-B-LYS-358,-0.0,-8.94,8.83,0.0,-0.11,Raw,MM/GBSA
L-B-LYS-359,-0.0,-10.43,10.3,0.0,-0.13,Raw,MM/GBSA
L-B-VAL-360,-0.0,-0.17,0.16,0.0,-0.0,Raw,MM/GBSA
L-B-GLU-361,-0.0,9.98,-9.86,0.0,0.12,Raw,MM/GBSA
L-B-GLU-362,-0.0,9.11,-8.99,0.0,0.11,Raw,MM/GBSA
L-B-ALA-363,-0.0,-0.21,0.21,0.0,-0.0,Raw,MM/GBSA
L-B-ALA-364,0.0,-0.09,0.09,0.0,-0.0,Raw,MM/GBSA
L-B-THR-365,0.0,-0.09,0.09,0.0,-0.0,Raw,MM/GBSA
L-B-ALA-366,0.0,-0.13,0.13,0.0,-0.0,Raw,MM/GBSA
L-B-THR-367,0.0,-0.15,0.15,0.0,-0.0,Raw,MM/GBSA
L-B-GLY-368,0.0,-0.02,0.02,0.0,0.0,Raw,MM/GBSA
L-B-ILE-369,0.0,0.03,-0.03,0.0,0.0,Raw,MM/GBSA
L-B-TRP-370,-0.0,0.22,-0.21,0.0,0.0,Raw,MM/GBSA
L-B-ASP-371,0.0,9.26,-9.14,0.0,0.12,Raw,MM/GBSA
L-B-ALA-372,0.0,-0.09,0.09,0.0,-0.0,Raw,MM/GBSA
L-B-PRO-373,-0.0,0.07,-0.07,0.0,-0.0,Raw,MM/GBSA
L-B-HIE-374,-0.0,-0.09,0.09,0.0,-0.0,Raw,MM/GBSA
L-B-PRO-375,-0.0,0.29,-0.28,0.0,0.0,Raw,MM/GBSA
L-B-TRP-376,-0.0,-0.16,0.16,0.0,-0.0,Raw,MM/GBSA
L-B-LEU-377,-0.01,0.0,0.01,0.0,0.01,Raw,MM/GBSA
L-B-ASN-378,-0.01,0.13,-0.1,0.0,0.02,Raw,MM/GBSA
L-B-LEU-379,-0.01,-0.31,0.35,0.0,0.02,Raw,MM/GBSA
L-B-PHE-380,-0.03,-0.63,0.71,0.0,0.05,Raw,MM/GBSA
L-B-VAL-381,-0.08,-0.75,0.83,0.0,0.0,Raw,MM/GBSA
L-B-SER-382,-0.32,1.06,-0.99,-0.02,-0.27,Raw,MM/GBSA
L-B-LYS-383,-5.77,-60.41,69.23,-0.82,2.24,Raw,MM/GBSA
L-B-ARG-384,-3.71,-57.1,54.87,-0.81,-6.76,Raw,MM/GBSA
L-B-ASP-385,-0.4,48.16,-47.05,0.0,0.72,Raw,MM/GBSA
L-B-ILE-386,-0.33,-1.55,1.6,-0.0,-0.29,Raw,MM/GBSA
L-B-ALA-387,-1.83,-3.17,3.95,-0.36,-1.4,Raw,MM/GBSA
L-B-ASP-388,-1.09,46.71,-45.94,-0.06,-0.38,Raw,MM/GBSA
L-B-PHE-389,-0.11,-0.81,0.83,0.0,-0.09,Raw,MM/GBSA
L-B-ASP-390,-0.27,35.75,-35.01,-0.0,0.47,Raw,MM/GBSA
L-B-ARG-391,-3.61,-68.9,69.76,-0.59,-3.34,Raw,MM/GBSA
L-B-THR-392,-0.07,-1.22,1.25,0.0,-0.03,Raw,MM/GBSA
L-B-VAL-393,-0.02,-0.84,0.86,0.0,0.0,Raw,MM/GBSA
L-B-PHE-394,-0.03,-1.3,1.31,0.0,-0.02,Raw,MM/GBSA
L-B-LYS-395,-0.31,-41.03,41.77,-0.1,0.33,Raw,MM/GBSA
L-B-ASP-396,-0.01,26.21,-25.84,0.0,0.36,Raw,MM/GBSA
L-B-ILE-397,-0.01,-0.79,0.79,0.0,-0.0,Raw,MM/GBSA
L-B-LEU-398,-0.01,-0.54,0.54,0.0,0.0,Raw,MM/GBSA
L-B-LYS-399,-0.01,-23.85,23.58,0.0,-0.28,Raw,MM/GBSA
L-B-ASP-400,-0.0,18.89,-18.64,0.0,0.24,Raw,MM/GBSA
L-B-GLY-401,-0.0,-0.11,0.12,0.0,0.0,Raw,MM/GBSA
L-B-ILE-402,-0.0,-0.1,0.1,0.0,-0.0,Raw,MM/GBSA
L-B-GLY-403,-0.0,-0.26,0.25,0.0,-0.0,Raw,MM/GBSA
L-B-GLY-404,0.0,0.19,-0.19,0.0,0.01,Raw,MM/GBSA
L-B-PRO-405,-0.0,-0.14,0.14,0.0,0.0,Raw,MM/GBSA
L-B-MET-406,-0.01,0.48,-0.45,0.0,0.02,Raw,MM/GBSA
L-B-LEU-407,-0.01,0.38,-0.35,0.0,0.03,Raw,MM/GBSA
L-B-ILE-408,-0.04,-0.59,0.68,0.0,0.05,Raw,MM/GBSA
L-B-TYR-409,-0.05,-0.22,0.32,0.0,0.05,Raw,MM/GBSA
L-B-PRO-410,-0.38,-1.29,1.33,0.0,-0.33,Raw,MM/GBSA
L-B-LEU-411,-0.18,1.13,-0.83,0.0,0.13,Raw,MM/GBSA
L-B-LEU-412,-1.35,-1.37,1.5,-0.1,-1.32,Raw,MM/GBSA
L-B-ARG-413,-1.58,-26.41,26.7,-0.25,-1.53,Raw,MM/GBSA
L-B-SER-414,-2.62,-3.39,3.62,-0.56,-2.95,Raw,MM/GBSA
L-B-ARG-415,-0.8,-61.41,57.09,-0.49,-5.62,Raw,MM/GBSA
L-B-TRP-416,-0.27,-0.87,1.13,-0.01,-0.02,Raw,MM/GBSA
L-B-ASP-417,-0.25,-4.73,4.95,-0.09,-0.13,Raw,MM/GBSA
L-B-SER-418,-0.18,0.03,0.33,0.0,0.18,Raw,MM/GBSA
L-B-ARG-419,-0.21,8.41,-7.89,-0.07,0.24,Raw,MM/GBSA
L-B-THR-420,-0.03,0.69,-0.63,0.0,0.04,Raw,MM/GBSA
L-B-SER-421,-0.01,0.05,-0.02,0.0,0.02,Raw,MM/GBSA
L-B-VAL-422,-0.02,-0.71,0.76,0.0,0.03,Raw,MM/GBSA
L-B-VAL-423,-0.02,-0.08,0.21,0.0,0.11,Raw,MM/GBSA
L-B-ILE-424,-0.09,-1.11,1.3,0.0,0.11,Raw,MM/GBSA
L-B-PRO-425,-0.14,-1.64,1.76,0.0,-0.01,Raw,MM/GBSA
L-B-GLU-426,-0.89,20.74,-18.64,-0.09,1.13,Raw,MM/GBSA
L-B-GLY-427,-2.03,-1.48,3.63,-0.28,-0.16,Raw,MM/GBSA
L-B-GLU-428,-5.73,21.46,-19.55,-0.69,-4.51,Raw,MM/GBSA
L-B-VAL-429,-1.95,1.09,-0.28,-0.17,-1.31,Raw,MM/GBSA
L-B-PHE-430,-0.25,-0.02,0.05,0.0,-0.21,Raw,MM/GBSA
L-B-TYR-431,-0.31,0.77,-0.73,0.0,-0.27,Raw,MM/GBSA
L-B-ILE-432,-0.03,1.08,-1.07,0.0,-0.02,Raw,MM/GBSA
L-B-VAL-433,-0.02,-0.1,0.11,0.0,-0.02,Raw,MM/GBSA
L-B-ALA-434,-0.0,0.19,-0.19,0.0,-0.0,Raw,MM/GBSA
L-B-LEU-435,-0.0,-0.3,0.29,0.0,-0.01,Raw,MM/GBSA
L-B-LEU-436,-0.0,-0.04,0.04,0.0,-0.0,Raw,MM/GBSA
L-B-ARG-437,-0.0,-18.37,18.15,0.0,-0.22,Raw,MM/GBSA
L-B-PHE-438,-0.0,0.2,-0.2,0.0,0.0,Raw,MM/GBSA
L-B-THR-439,-0.0,0.01,-0.01,0.0,-0.0,Raw,MM/GBSA
L-B-SER-440,0.0,0.17,-0.17,0.0,0.0,Raw,MM/GBSA
L-B-PRO-441,0.0,0.03,-0.03,0.0,-0.0,Raw,MM/GBSA
L-B-LYS-442,-0.0,-10.54,10.41,0.0,-0.13,Raw,MM/GBSA
L-B-GLY-443,-0.0,-0.31,0.31,0.0,-0.0,Raw,MM/GBSA
L-B-PRO-444,-0.0,-0.18,0.18,0.0,-0.0,Raw,MM/GBSA
L-B-PRO-445,-0.0,0.4,-0.39,0.0,0.0,Raw,MM/GBSA
L-B-ALA-446,-0.0,0.37,-0.36,0.0,0.0,Raw,MM/GBSA
L-B-GLY-447,-0.0,0.28,-0.27,0.0,0.0,Raw,MM/GBSA
L-B-GLU-448,0.0,14.57,-14.39,0.0,0.18,Raw,MM/GBSA
L-B-LEU-449,-0.0,0.5,-0.49,0.0,0.01,Raw,MM/GBSA
L-B-VAL-450,-0.0,0.48,-0.48,0.0,0.0,Raw,MM/GBSA
L-B-ALA-451,-0.0,0.33,-0.33,0.0,0.0,Raw,MM/GBSA
L-B-GLN-452,-0.0,0.42,-0.41,0.0,0.01,Raw,MM/GBSA
L-B-ASN-453,-0.0,1.26,-1.24,0.0,0.02,Raw,MM/GBSA
L-B-ARG-454,-0.0,-13.93,13.76,0.0,-0.17,Raw,MM/GBSA
L-B-GLU-455,-0.0,21.27,-20.99,0.0,0.27,Raw,MM/GBSA
L-B-ILE-456,-0.01,0.77,-0.75,0.0,0.01,Raw,MM/GBSA
L-B-VAL-457,-0.01,0.93,-0.91,0.0,0.01,Raw,MM/GBSA
L-B-ARG-458,-0.01,-18.16,17.94,0.0,-0.22,Raw,MM/GBSA
L-B-LEU-459,-0.02,0.29,-0.26,0.0,0.01,Raw,MM/GBSA
L-B-CYS-460,-0.02,1.34,-1.29,0.0,0.03,Raw,MM/GBSA
L-B-THR-461,-0.02,1.13,-1.05,0.0,0.06,Raw,MM/GBSA
L-B-LYS-462,-0.02,-25.51,25.3,0.0,-0.23,Raw,MM/GBSA
L-B-LYS-463,-0.08,-39.05,39.01,0.0,-0.12,Raw,MM/GBSA
L-B-GLY-464,-0.08,1.56,-1.32,0.0,0.15,Raw,MM/GBSA
L-B-TYR-465,-0.14,-1.82,1.93,0.0,-0.02,Raw,MM/GBSA
L-B-ASP-466,-0.18,30.04,-29.01,0.0,0.85,Raw,MM/GBSA
L-B-PHE-467,-0.04,0.17,-0.08,0.0,0.05,Raw,MM/GBSA
L-B-LYS-468,-0.03,-17.53,17.58,0.0,0.02,Raw,MM/GBSA
L-B-LEU-469,-0.01,-0.03,0.04,0.0,0.01,Raw,MM/GBSA
L-B-TYR-470,-0.01,0.28,-0.28,0.0,-0.01,Raw,MM/GBSA
L-B-LEU-471,-0.0,0.23,-0.23,0.0,0.0,Raw,MM/GBSA
L-B-PRO-472,-0.0,-0.43,0.42,0.0,-0.01,Raw,MM/GBSA
L-B-HIE-473,-0.0,0.28,-0.27,0.0,0.0,Raw,MM/GBSA
L-B-TYR-474,-0.01,-0.44,0.43,0.0,-0.01,Raw,MM/GBSA
L-B-GLN-475,-0.0,-0.78,0.77,0.0,-0.01,Raw,MM/GBSA
L-B-ASN-476,-0.0,0.24,-0.24,0.0,0.0,Raw,MM/GBSA
L-B-GLN-477,-0.0,0.12,-0.12,0.0,0.0,Raw,MM/GBSA
L-B-GLU-478,-0.0,11.15,-11.0,0.0,0.15,Raw,MM/GBSA
L-B-GLU-479,-0.0,14.82,-14.63,0.0,0.19,Raw,MM/GBSA
L-B-TRP-480,-0.0,0.47,-0.47,0.0,-0.0,Raw,MM/GBSA
L-B-LYS-481,-0.01,-9.53,9.43,0.0,-0.11,Raw,MM/GBSA
L-B-GLN-482,-0.02,-0.52,0.58,0.0,0.04,Raw,MM/GBSA
L-B-HIE-483,-0.01,1.27,-1.23,0.0,0.02,Raw,MM/GBSA
L-B-PHE-484,-0.01,-0.07,0.1,0.0,0.02,Raw,MM/GBSA
L-B-GLY-485,-0.01,-0.27,0.31,0.0,0.03,Raw,MM/GBSA
L-B-ASN-486,-0.05,1.03,-0.77,0.0,0.2,Raw,MM/GBSA
L-B-ARG-487,-0.04,-7.3,7.42,0.0,0.07,Raw,MM/GBSA
L-B-TRP-488,-0.01,-0.12,0.12,0.0,-0.01,Raw,MM/GBSA
L-B-THR-489,-0.01,0.37,-0.33,0.0,0.03,Raw,MM/GBSA
L-B-ARG-490,-0.02,-1.65,1.71,0.0,0.05,Raw,MM/GBSA
L-B-PHE-491,-0.01,-0.27,0.27,0.0,-0.01,Raw,MM/GBSA
L-B-VAL-492,-0.0,0.02,-0.01,0.0,0.0,Raw,MM/GBSA
L-B-GLU-493,-0.01,2.98,-2.9,0.0,0.08,Raw,MM/GBSA
L-B-MET-494,-0.01,-0.21,0.21,0.0,-0.0,Raw,MM/GBSA
L-B-LYS-495,-0.0,-6.86,6.77,0.0,-0.09,Raw,MM/GBSA
L-B-ALA-496,-0.0,0.02,-0.02,0.0,-0.0,Raw,MM/GBSA
L-B-ARG-497,-0.0,-1.61,1.61,0.0,-0.01,Raw,MM/GBSA
L-B-PHE-498,-0.0,-0.08,0.07,0.0,-0.01,Raw,MM/GBSA
L-B-ASP-499,-0.0,6.04,-5.96,0.0,0.07,Raw,MM/GBSA
L-B-PRO-500,0.0,0.15,-0.15,0.0,0.0,Raw,MM/GBSA
L-B-MET-501,0.0,0.05,-0.04,0.0,0.0,Raw,MM/GBSA
L-B-ALA-502,0.0,0.11,-0.11,0.0,0.0,Raw,MM/GBSA
L-B-ILE-503,-0.0,0.15,-0.15,0.0,0.0,Raw,MM/GBSA
L-B-LEU-504,-0.0,0.1,-0.1,0.0,0.0,Raw,MM/GBSA
L-B-ALA-505,0.0,0.09,-0.09,0.0,0.0,Raw,MM/GBSA
L-B-PRO-506,0.0,0.16,-0.16,0.0,0.0,Raw,MM/GBSA
L-B-GLY-507,0.0,0.18,-0.18,0.0,0.0,Raw,MM/GBSA
L-B-GLN-508,-0.0,0.69,-0.68,0.0,0.01,Raw,MM/GBSA
L-B-LYS-509,-0.0,-10.6,10.47,0.0,-0.13,Raw,MM/GBSA
L-B-ILE-510,-0.0,0.05,-0.05,0.0,-0.0,Raw,MM/GBSA
L-B-PHE-511,-0.0,0.23,-0.23,0.0,-0.0,Raw,MM/GBSA
L-B-SER-512,-0.0,0.03,-0.03,0.0,-0.0,Raw,MM/GBSA
L-B-ARG-513,-0.0,-5.87,5.8,0.0,-0.07,Raw,MM/GBSA
L-B-ASN-514,0.0,-0.11,0.11,0.0,-0.0,Raw,MM/GBSA
L-B-HIE-515,0.0,-0.18,0.18,0.0,-0.0,Raw,MM/GBSA
L-B-GLN-516,-0.0,0.12,-0.12,0.0,0.0,Raw,MM/GBSA
L-B-ILE-517,0.0,0.0,-0.0,0.0,-0.0,Raw,MM/GBSA
L-B-ILE-518,0.0,-0.13,0.13,0.0,-0.0,Raw,MM/GBSA
L-B-SER-519,0.0,3.78,-3.73,0.0,0.05,Raw,MM/GBSA
